--
-- PostgreSQL database dump
--

-- Dumped from database version 15.1
-- Dumped by pg_dump version 15.1

SET statement_timeout = 0;
SET lock_timeout = 0;
SET idle_in_transaction_session_timeout = 0;
SET client_encoding = 'UTF8';
SET standard_conforming_strings = on;
SELECT pg_catalog.set_config('search_path', '', false);
SET check_function_bodies = false;
SET xmloption = content;
SET client_min_messages = warning;
SET row_security = off;

--
-- Name: filmekle(integer, text, date, integer, integer, real); Type: PROCEDURE; Schema: public; Owner: postgres
--

CREATE PROCEDURE public.filmekle(IN p1 integer, IN p2 text, IN p3 date, IN p4 integer, IN p5 integer, IN p6 real)
    LANGUAGE sql
    AS $$
insert into film(film_id,filmin_adi,cikis_tarihi,dil_id,sure,puan) values(p1,p2,p3,p4,p5,p6);
$$;


ALTER PROCEDURE public.filmekle(IN p1 integer, IN p2 text, IN p3 date, IN p4 integer, IN p5 integer, IN p6 real) OWNER TO postgres;

--
-- Name: filmekle(integer, text, text, integer, integer, real); Type: PROCEDURE; Schema: public; Owner: postgres
--

CREATE PROCEDURE public.filmekle(IN p1 integer, IN p2 text, IN p3 text, IN p4 integer, IN p5 integer, IN p6 real)
    LANGUAGE sql
    AS $$
insert into film(film_id,filmin_adi,cikis_tarihi,dil_id,sure,puan) values(p1,p2,p3,p4,p5,p6);
$$;


ALTER PROCEDURE public.filmekle(IN p1 integer, IN p2 text, IN p3 text, IN p4 integer, IN p5 integer, IN p6 real) OWNER TO postgres;

--
-- Name: filmgetir(character varying); Type: FUNCTION; Schema: public; Owner: postgres
--

CREATE FUNCTION public.filmgetir(prsd character varying) RETURNS TABLE(film_i integer, filmin_ad text, cikis_tarih date, dil_i integer, suresi integer, "puanı" real)
    LANGUAGE plpgsql
    AS $$
Begin
	Return Query
	Select
	film_id, 
	filmin_adi,
	cikis_tarihi, 
	dil_id, 
	sure, 
	puan
From
	film
Where
	filmin_adi like prsd;
End;
$$;


ALTER FUNCTION public.filmgetir(prsd character varying) OWNER TO postgres;

--
-- Name: kdvli(double precision); Type: FUNCTION; Schema: public; Owner: postgres
--

CREATE FUNCTION public.kdvli(tutar double precision) RETURNS double precision
    LANGUAGE plpgsql
    AS $$
begin
tutar:=tutar*0.08 + tutar;
return tutar;
end;
$$;


ALTER FUNCTION public.kdvli(tutar double precision) OWNER TO postgres;

--
-- Name: netmaas(double precision); Type: FUNCTION; Schema: public; Owner: postgres
--

CREATE FUNCTION public.netmaas(maas double precision) RETURNS double precision
    LANGUAGE plpgsql
    AS $$
begin
maas:=maas - maas*0.15;
maas:=maas- 1730;
return maas;
end;
$$;


ALTER FUNCTION public.netmaas(maas double precision) OWNER TO postgres;

SET default_tablespace = '';

SET default_table_access_method = heap;

--
-- Name: adres; Type: TABLE; Schema: public; Owner: postgres
--

CREATE TABLE public.adres (
    adres_id integer NOT NULL,
    "ilçe_id" integer NOT NULL,
    adres text NOT NULL,
    postakodu integer
);


ALTER TABLE public.adres OWNER TO postgres;

--
-- Name: aktor; Type: TABLE; Schema: public; Owner: postgres
--

CREATE TABLE public.aktor (
    aktor_id integer NOT NULL,
    isim text NOT NULL,
    soyisim text NOT NULL
);


ALTER TABLE public.aktor OWNER TO postgres;

--
-- Name: dil; Type: TABLE; Schema: public; Owner: postgres
--

CREATE TABLE public.dil (
    dil_id integer NOT NULL,
    isim text NOT NULL
);


ALTER TABLE public.dil OWNER TO postgres;

--
-- Name: envanter; Type: TABLE; Schema: public; Owner: postgres
--

CREATE TABLE public.envanter (
    envanter_id integer NOT NULL,
    film_id integer NOT NULL,
    magaza_id integer NOT NULL
);


ALTER TABLE public.envanter OWNER TO postgres;

--
-- Name: film; Type: TABLE; Schema: public; Owner: postgres
--

CREATE TABLE public.film (
    film_id integer NOT NULL,
    filmin_adi text,
    dil_id integer,
    sure integer,
    puan real,
    cikis_tarihi text
);


ALTER TABLE public.film OWNER TO postgres;

--
-- Name: film_basrol; Type: TABLE; Schema: public; Owner: postgres
--

CREATE TABLE public.film_basrol (
    aktor_id integer NOT NULL,
    film_id integer NOT NULL
);


ALTER TABLE public.film_basrol OWNER TO postgres;

--
-- Name: film_kategorisi; Type: TABLE; Schema: public; Owner: postgres
--

CREATE TABLE public.film_kategorisi (
    film_id integer NOT NULL,
    kategori_id integer NOT NULL
);


ALTER TABLE public.film_kategorisi OWNER TO postgres;

--
-- Name: il; Type: TABLE; Schema: public; Owner: postgres
--

CREATE TABLE public.il (
    il_id integer NOT NULL,
    il text NOT NULL
);


ALTER TABLE public.il OWNER TO postgres;

--
-- Name: ilçe; Type: TABLE; Schema: public; Owner: postgres
--

CREATE TABLE public."ilçe" (
    "ilçe_id" integer NOT NULL,
    "ilçe" text NOT NULL,
    il_id integer NOT NULL
);


ALTER TABLE public."ilçe" OWNER TO postgres;

--
-- Name: kategori; Type: TABLE; Schema: public; Owner: postgres
--

CREATE TABLE public.kategori (
    kategori_id integer NOT NULL,
    isim text NOT NULL
);


ALTER TABLE public.kategori OWNER TO postgres;

--
-- Name: kiralama; Type: TABLE; Schema: public; Owner: postgres
--

CREATE TABLE public.kiralama (
    kiralama_id integer NOT NULL,
    envanter_id integer NOT NULL,
    musteri_id integer NOT NULL,
    personel_id integer NOT NULL,
    kiralama_tarihi date NOT NULL,
    donus_tarihi date NOT NULL
);


ALTER TABLE public.kiralama OWNER TO postgres;

--
-- Name: kisi; Type: TABLE; Schema: public; Owner: postgres
--

CREATE TABLE public.kisi (
    ad text,
    soyad text,
    telefon bigint
);


ALTER TABLE public.kisi OWNER TO postgres;

--
-- Name: magaza; Type: TABLE; Schema: public; Owner: postgres
--

CREATE TABLE public.magaza (
    magaza_id integer NOT NULL,
    adres_id integer NOT NULL
);


ALTER TABLE public.magaza OWNER TO postgres;

--
-- Name: musteri; Type: TABLE; Schema: public; Owner: postgres
--

CREATE TABLE public.musteri (
    musteri_id integer NOT NULL,
    adres_id integer NOT NULL,
    ad text NOT NULL,
    soyad text NOT NULL,
    telefon bigint NOT NULL
)
INHERITS (public.kisi);


ALTER TABLE public.musteri OWNER TO postgres;

--
-- Name: odeme; Type: TABLE; Schema: public; Owner: postgres
--

CREATE TABLE public.odeme (
    odeme_id integer NOT NULL,
    personel_id integer NOT NULL,
    musteri_id integer NOT NULL,
    kiralama_id integer NOT NULL,
    odeme_tarihi date NOT NULL,
    tutar integer NOT NULL
);


ALTER TABLE public.odeme OWNER TO postgres;

--
-- Name: personel; Type: TABLE; Schema: public; Owner: postgres
--

CREATE TABLE public.personel (
    personel_id integer NOT NULL,
    ad text NOT NULL,
    soyad text NOT NULL,
    telefon bigint NOT NULL,
    adres_id integer NOT NULL,
    magaza_id integer NOT NULL,
    maas integer
)
INHERITS (public.kisi);


ALTER TABLE public.personel OWNER TO postgres;

--
-- Data for Name: adres; Type: TABLE DATA; Schema: public; Owner: postgres
--

COPY public.adres (adres_id, "ilçe_id", adres, postakodu) FROM stdin;
2	5	gebze kocaeli 	\N
1	1	erenler sakarya ada awm	54100
3	4	mamak ankara	\N
4	2	serdivan sakarya	54650
5	3	nişantaşı istanbul	\N
\.


--
-- Data for Name: aktor; Type: TABLE DATA; Schema: public; Owner: postgres
--

COPY public.aktor (aktor_id, isim, soyisim) FROM stdin;
3	şafak	sezer
2	lucas	black
1	vin	diesel
\.


--
-- Data for Name: dil; Type: TABLE DATA; Schema: public; Owner: postgres
--

COPY public.dil (dil_id, isim) FROM stdin;
4	almanca
3	japonca
2	türkçe
1	ingilizce
\.


--
-- Data for Name: envanter; Type: TABLE DATA; Schema: public; Owner: postgres
--

COPY public.envanter (envanter_id, film_id, magaza_id) FROM stdin;
2	2	2
1	1	1
\.


--
-- Data for Name: film; Type: TABLE DATA; Schema: public; Owner: postgres
--

COPY public.film (film_id, filmin_adi, dil_id, sure, puan, cikis_tarihi) FROM stdin;
1	hızlı ve öfkeli	1	106	6.8	12 aralık 2001
2	hızlı ve öfkeli 2	1	116	7	11 kasım 2003
3	hızlı ve öfkeli tokyo yarışı	3	107	6.8	27 agustos 2005
15	kolpaçino: bir şehir efsanesi	2	100	6.4	25 haziran 2009
\.


--
-- Data for Name: film_basrol; Type: TABLE DATA; Schema: public; Owner: postgres
--

COPY public.film_basrol (aktor_id, film_id) FROM stdin;
3	15
2	3
1	1
\.


--
-- Data for Name: film_kategorisi; Type: TABLE DATA; Schema: public; Owner: postgres
--

COPY public.film_kategorisi (film_id, kategori_id) FROM stdin;
2	1
1	1
15	2
\.


--
-- Data for Name: il; Type: TABLE DATA; Schema: public; Owner: postgres
--

COPY public.il (il_id, il) FROM stdin;
4	kacaeli
3	ankara
2	istanbul
1	sakarya
\.


--
-- Data for Name: ilçe; Type: TABLE DATA; Schema: public; Owner: postgres
--

COPY public."ilçe" ("ilçe_id", "ilçe", il_id) FROM stdin;
5	gebze	4
4	mamak	3
3	nişantaşı	2
2	serdivan	1
1	erenler	1
\.


--
-- Data for Name: kategori; Type: TABLE DATA; Schema: public; Owner: postgres
--

COPY public.kategori (kategori_id, isim) FROM stdin;
1	aksiyon
2	komedi
3	dram
9	animasyon
8	korku
7	fantezi
6	bilim kurgu
5	aşk
4	romantik komedi
\.


--
-- Data for Name: kiralama; Type: TABLE DATA; Schema: public; Owner: postgres
--

COPY public.kiralama (kiralama_id, envanter_id, musteri_id, personel_id, kiralama_tarihi, donus_tarihi) FROM stdin;
2	2	2	2	2021-11-11	2022-11-11
1	1	1	1	2022-12-11	2022-12-25
\.


--
-- Data for Name: kisi; Type: TABLE DATA; Schema: public; Owner: postgres
--

COPY public.kisi (ad, soyad, telefon) FROM stdin;
\.


--
-- Data for Name: magaza; Type: TABLE DATA; Schema: public; Owner: postgres
--

COPY public.magaza (magaza_id, adres_id) FROM stdin;
2	2
1	1
\.


--
-- Data for Name: musteri; Type: TABLE DATA; Schema: public; Owner: postgres
--

COPY public.musteri (musteri_id, adres_id, ad, soyad, telefon) FROM stdin;
2	2	samet	çizer	2164
1	1	kadir	keser	315
\.


--
-- Data for Name: odeme; Type: TABLE DATA; Schema: public; Owner: postgres
--

COPY public.odeme (odeme_id, personel_id, musteri_id, kiralama_id, odeme_tarihi, tutar) FROM stdin;
1	1	1	1	2022-11-11	35
2	1	2	2	2022-11-12	40
\.


--
-- Data for Name: personel; Type: TABLE DATA; Schema: public; Owner: postgres
--

COPY public.personel (personel_id, ad, soyad, telefon, adres_id, magaza_id, maas) FROM stdin;
1	hasan	kabze	236	1	1	6500
2	ahmet	oğuz	237	2	1	7500
4	özge	kan	239	2	2	8800
3	hüseyin	cimşir	238	1	2	6250
5	merve	yavuz	245	3	1	9000
\.


--
-- Name: film Film_pkey; Type: CONSTRAINT; Schema: public; Owner: postgres
--

ALTER TABLE ONLY public.film
    ADD CONSTRAINT "Film_pkey" PRIMARY KEY (film_id);


--
-- Name: kategori Kategori_pkey; Type: CONSTRAINT; Schema: public; Owner: postgres
--

ALTER TABLE ONLY public.kategori
    ADD CONSTRAINT "Kategori_pkey" PRIMARY KEY (kategori_id);


--
-- Name: adres adres_pkey; Type: CONSTRAINT; Schema: public; Owner: postgres
--

ALTER TABLE ONLY public.adres
    ADD CONSTRAINT adres_pkey PRIMARY KEY (adres_id);


--
-- Name: aktor aktor_pkey; Type: CONSTRAINT; Schema: public; Owner: postgres
--

ALTER TABLE ONLY public.aktor
    ADD CONSTRAINT aktor_pkey PRIMARY KEY (aktor_id);


--
-- Name: dil dil_pkey; Type: CONSTRAINT; Schema: public; Owner: postgres
--

ALTER TABLE ONLY public.dil
    ADD CONSTRAINT dil_pkey PRIMARY KEY (dil_id);


--
-- Name: envanter envanter_pkey; Type: CONSTRAINT; Schema: public; Owner: postgres
--

ALTER TABLE ONLY public.envanter
    ADD CONSTRAINT envanter_pkey PRIMARY KEY (envanter_id);


--
-- Name: film_basrol film_aktorleri_pkey; Type: CONSTRAINT; Schema: public; Owner: postgres
--

ALTER TABLE ONLY public.film_basrol
    ADD CONSTRAINT film_aktorleri_pkey PRIMARY KEY (aktor_id);


--
-- Name: film_kategorisi film_kategorisi_pkey; Type: CONSTRAINT; Schema: public; Owner: postgres
--

ALTER TABLE ONLY public.film_kategorisi
    ADD CONSTRAINT film_kategorisi_pkey PRIMARY KEY (film_id);


--
-- Name: il il_pkey; Type: CONSTRAINT; Schema: public; Owner: postgres
--

ALTER TABLE ONLY public.il
    ADD CONSTRAINT il_pkey PRIMARY KEY (il_id);


--
-- Name: ilçe ilçe_pkey; Type: CONSTRAINT; Schema: public; Owner: postgres
--

ALTER TABLE ONLY public."ilçe"
    ADD CONSTRAINT "ilçe_pkey" PRIMARY KEY ("ilçe_id");


--
-- Name: kiralama kiralama_pkey; Type: CONSTRAINT; Schema: public; Owner: postgres
--

ALTER TABLE ONLY public.kiralama
    ADD CONSTRAINT kiralama_pkey PRIMARY KEY (kiralama_id);


--
-- Name: magaza magaza_pkey; Type: CONSTRAINT; Schema: public; Owner: postgres
--

ALTER TABLE ONLY public.magaza
    ADD CONSTRAINT magaza_pkey PRIMARY KEY (magaza_id);


--
-- Name: musteri musteri_pkey; Type: CONSTRAINT; Schema: public; Owner: postgres
--

ALTER TABLE ONLY public.musteri
    ADD CONSTRAINT musteri_pkey PRIMARY KEY (musteri_id);


--
-- Name: odeme odeme_pkey; Type: CONSTRAINT; Schema: public; Owner: postgres
--

ALTER TABLE ONLY public.odeme
    ADD CONSTRAINT odeme_pkey PRIMARY KEY (odeme_id);


--
-- Name: personel personel_pkey; Type: CONSTRAINT; Schema: public; Owner: postgres
--

ALTER TABLE ONLY public.personel
    ADD CONSTRAINT personel_pkey PRIMARY KEY (personel_id);


--
-- Name: personel adres_id; Type: FK CONSTRAINT; Schema: public; Owner: postgres
--

ALTER TABLE ONLY public.personel
    ADD CONSTRAINT adres_id FOREIGN KEY (adres_id) REFERENCES public.adres(adres_id) NOT VALID;


--
-- Name: magaza adres_id; Type: FK CONSTRAINT; Schema: public; Owner: postgres
--

ALTER TABLE ONLY public.magaza
    ADD CONSTRAINT adres_id FOREIGN KEY (adres_id) REFERENCES public.adres(adres_id) NOT VALID;


--
-- Name: musteri adres_id; Type: FK CONSTRAINT; Schema: public; Owner: postgres
--

ALTER TABLE ONLY public.musteri
    ADD CONSTRAINT adres_id FOREIGN KEY (adres_id) REFERENCES public.adres(adres_id) NOT VALID;


--
-- Name: film_basrol aktor_id; Type: FK CONSTRAINT; Schema: public; Owner: postgres
--

ALTER TABLE ONLY public.film_basrol
    ADD CONSTRAINT aktor_id FOREIGN KEY (aktor_id) REFERENCES public.aktor(aktor_id) NOT VALID;


--
-- Name: film dil_id; Type: FK CONSTRAINT; Schema: public; Owner: postgres
--

ALTER TABLE ONLY public.film
    ADD CONSTRAINT dil_id FOREIGN KEY (dil_id) REFERENCES public.dil(dil_id) NOT VALID;


--
-- Name: kiralama envanter_id; Type: FK CONSTRAINT; Schema: public; Owner: postgres
--

ALTER TABLE ONLY public.kiralama
    ADD CONSTRAINT envanter_id FOREIGN KEY (envanter_id) REFERENCES public.envanter(envanter_id) NOT VALID;


--
-- Name: film_kategorisi film_id; Type: FK CONSTRAINT; Schema: public; Owner: postgres
--

ALTER TABLE ONLY public.film_kategorisi
    ADD CONSTRAINT film_id FOREIGN KEY (film_id) REFERENCES public.film(film_id) NOT VALID;


--
-- Name: film_basrol film_id; Type: FK CONSTRAINT; Schema: public; Owner: postgres
--

ALTER TABLE ONLY public.film_basrol
    ADD CONSTRAINT film_id FOREIGN KEY (film_id) REFERENCES public.film(film_id) NOT VALID;


--
-- Name: envanter film_id; Type: FK CONSTRAINT; Schema: public; Owner: postgres
--

ALTER TABLE ONLY public.envanter
    ADD CONSTRAINT film_id FOREIGN KEY (film_id) REFERENCES public.film(film_id) NOT VALID;


--
-- Name: ilçe il_id; Type: FK CONSTRAINT; Schema: public; Owner: postgres
--

ALTER TABLE ONLY public."ilçe"
    ADD CONSTRAINT il_id FOREIGN KEY (il_id) REFERENCES public.il(il_id) NOT VALID;


--
-- Name: adres ilçe_id; Type: FK CONSTRAINT; Schema: public; Owner: postgres
--

ALTER TABLE ONLY public.adres
    ADD CONSTRAINT "ilçe_id" FOREIGN KEY ("ilçe_id") REFERENCES public."ilçe"("ilçe_id") NOT VALID;


--
-- Name: film_kategorisi kategori_id; Type: FK CONSTRAINT; Schema: public; Owner: postgres
--

ALTER TABLE ONLY public.film_kategorisi
    ADD CONSTRAINT kategori_id FOREIGN KEY (kategori_id) REFERENCES public.kategori(kategori_id) NOT VALID;


--
-- Name: odeme kiralama_id; Type: FK CONSTRAINT; Schema: public; Owner: postgres
--

ALTER TABLE ONLY public.odeme
    ADD CONSTRAINT kiralama_id FOREIGN KEY (kiralama_id) REFERENCES public.kiralama(kiralama_id) NOT VALID;


--
-- Name: personel magaza_id; Type: FK CONSTRAINT; Schema: public; Owner: postgres
--

ALTER TABLE ONLY public.personel
    ADD CONSTRAINT magaza_id FOREIGN KEY (magaza_id) REFERENCES public.magaza(magaza_id) NOT VALID;


--
-- Name: envanter magaza_id; Type: FK CONSTRAINT; Schema: public; Owner: postgres
--

ALTER TABLE ONLY public.envanter
    ADD CONSTRAINT magaza_id FOREIGN KEY (magaza_id) REFERENCES public.magaza(magaza_id) NOT VALID;


--
-- Name: odeme musteri_id; Type: FK CONSTRAINT; Schema: public; Owner: postgres
--

ALTER TABLE ONLY public.odeme
    ADD CONSTRAINT musteri_id FOREIGN KEY (musteri_id) REFERENCES public.musteri(musteri_id) NOT VALID;


--
-- Name: kiralama musteri_id; Type: FK CONSTRAINT; Schema: public; Owner: postgres
--

ALTER TABLE ONLY public.kiralama
    ADD CONSTRAINT musteri_id FOREIGN KEY (musteri_id) REFERENCES public.musteri(musteri_id) NOT VALID;


--
-- Name: kiralama personel_id; Type: FK CONSTRAINT; Schema: public; Owner: postgres
--

ALTER TABLE ONLY public.kiralama
    ADD CONSTRAINT personel_id FOREIGN KEY (personel_id) REFERENCES public.personel(personel_id) NOT VALID;


--
-- Name: odeme personel_id; Type: FK CONSTRAINT; Schema: public; Owner: postgres
--

ALTER TABLE ONLY public.odeme
    ADD CONSTRAINT personel_id FOREIGN KEY (personel_id) REFERENCES public.personel(personel_id) NOT VALID;


--
-- PostgreSQL database dump complete
--

